{
    "('h', 'e')": "he",
    "('t', 'he')": "the",
    "('a', 'n')": "an",
    "('i', 'n')": "in",
    "('r', 'e')": "re",
    "('an', 'd')": "and",
    "('o', 'u')": "ou",
    "('t', 'h')": "th",
    "('t', 'o')": "to",
    "('e', 'd')": "ed",
    "('a', 's')": "as",
    "('e', 'r')": "er",
    "('a', 't')": "at",
    "('o', 'n')": "on",
    "('h', 'i')": "hi",
    "('l', 'l')": "ll",
    "('e', 'n')": "en",
    "('in', 'g')": "ing",
    "('o', 'r')": "or",
    "('i', 't')": "it",
    "('a', 'r')": "ar",
    "('s', 't')": "st",
    "('l', 'e')": "le",
    "('h', 'a')": "ha",
    "('m', 'e')": "me",
    "('s', 'e')": "se",
    "('o', 'f')": "of",
    "('i', 'd')": "id",
    "('o', 'w')": "ow",
    "('b', 'e')": "be",
    "('l', 'd')": "ld",
    "('w', 'as')": "was",
    "('s', 'a')": "sa",
    "('u', 't')": "ut",
    "('he', 'r')": "her",
    "('v', 'e')": "ve",
    "('i', 's')": "is",
    "('n', 'o')": "no",
    "('f', 'or')": "for",
    "('g', 'h')": "gh",
    "('y', 'ou')": "you",
    "('c', 'e')": "ce",
    "('th', 'at')": "that",
    "('T', 'he')": "The",
    "('hi', 's')": "his",
    "('r', 'o')": "ro",
    "('hi', 'm')": "him",
    "('ve', 'r')": "ver",
    "('h', 'o')": "ho",
    "('s', 'o')": "so",
    "('a', 'y')": "ay",
    "('n', 'd')": "nd",
    "('gh', 't')": "ght",
    "('s', 'he')": "she",
    "('sa', 'id')": "said",
    "('l', 'y')": "ly",
    "('s', ',')": "s,",
    "('ha', 'd')": "had",
    "('w', 'it')": "wit",
    "('c', 'h')": "ch",
    "('i', 'r')": "ir",
    "('i', 'll')": "ill",
    "('l', 'i')": "li",
    "('a', 'll')": "all",
    "('.', '\u201d')": ".\u201d",
    "('a', 'd')": "ad",
    "('g', 'o')": "go",
    "('r', 'i')": "ri",
    "('wit', 'h')": "with",
    "('n', 'e')": "ne",
    "('no', 't')": "not",
    "('k', 'e')": "ke",
    "('on', 'e')": "one",
    "('a', 'l')": "al",
    "('ou', 't')": "out",
    "('n', 'g')": "ng",
    "('b', 'ut')": "but",
    "('c', 'o')": "co",
    "('n', 't')": "nt",
    "('the', 'y')": "they",
    "('t', 'er')": "ter",
    "('he', 'n')": "hen",
    "('i', 'f')": "if",
    "('c', 'k')": "ck",
    "('w', 'e')": "we",
    "('the', 'r')": "ther",
    "('o', 'o')": "oo",
    "('d', 'e')": "de",
    "('a', 'g')": "ag",
    "('a', 'in')": "ain",
    "('t', 't')": "tt",
    "('m', 'an')": "man",
    "('e', ',')": "e,",
    "('c', 'a')": "ca",
    "('u', 'p')": "up",
    "('we', 're')": "were",
    "('w', 'ho')": "who",
    "('w', 'hi')": "whi",
    "('ha', 've')": "have",
    "('m', 'y')": "my",
    "('u', 'r')": "ur",
    "('e', 's')": "es",
    "('th', 'ou')": "thou",
    "('e', 't')": "et",
    "('ha', 't')": "hat",
    "('w', 'ill')": "will",
    "(',', '\u201d')": ",\u201d",
    "('an', 't')": "ant",
    "('d', 'o')": "do",
    "('the', 'm')": "them",
    "('a', 'b')": "ab",
    "('u', 'ld')": "uld",
    "('l', 'f')": "lf",
    "('a', 'm')": "am",
    "('ver', 'y')": "very",
    "('f', 'e')": "fe",
    "('w', 'hen')": "when",
    "('w', 'ay')": "way",
    "('tt', 'le')": "ttle",
    "('u', 'st')": "ust",
    "('p', 'p')": "pp",
    "('li', 'ttle')": "little",
    "('t', 'i')": "ti",
    "('\u201c', 'I')": "\u201cI",
    "('o', 'ther')": "other",
    "('in', 'to')": "into",
    "('w', 'o')": "wo",
    "('no', 'w')": "now",
    "('i', 'l')": "il",
    "('d', ',')": "d,",
    "('we', 'nt')": "went",
    "('a', 'ke')": "ake",
    "('ca', 'me')": "came",
    "('whi', 'ch')": "which",
    "('s', 'ho')": "sho",
    "('\u2019', 's')": "\u2019s",
    "('s', 'p')": "sp",
    "('w', 'n')": "wn",
    "('The', 'n')": "Then",
    "('ro', 'm')": "rom",
    "('ro', 'u')": "rou",
    "('b', 'y')": "by",
    "('se', 'lf')": "self",
    "('n', 'ce')": "nce",
    "('i', 'ght')": "ight",
    "('a', 've')": "ave",
    "('l', 'o')": "lo",
    "('o', 'k')": "ok",
    "('ther', 'e')": "there",
    "('r', 'y')": "ry",
    "('K', 'ing')": "King",
    "('o', 'd')": "od",
    "('?', '\u201d')": "?\u201d",
    "('u', 'n')": "un",
    "('s', 's')": "ss",
    "('u', 'l')": "ul",
    "('said', ',')": "said,",
    "('th', 'is')": "this",
    "('g', 're')": "gre",
    "('m', 'or')": "mor",
    "('as', 't')": "ast",
    "('e', 'p')": "ep",
    "('w', 'hat')": "what",
    "('l', 'a')": "la",
    "('q', 'u')": "qu",
    "('t', 'e')": "te",
    "('th', 'ing')": "thing",
    "('f', 'rom')": "from",
    "('u', 'se')": "use",
    "('H', 'e')": "He",
    "('!', '\u201d')": "!\u201d",
    "('her', 'e')": "here",
    "('co', 'uld')": "could",
    "('ri', 'nce')": "rince",
    "('s', '.')": "s.",
    "('ar', 'd')": "ard",
    "('ag', 'ain')": "again",
    "('i', 've')": "ive",
    "('es', 't')": "est",
    "('wo', 'uld')": "would",
    "('ed', ',')": "ed,",
    "('ar', 'e')": "are",
    "('wo', 'r')": "wor",
    "('p', 'e')": "pe",
    "('do', 'wn')": "down",
    "('s', 'ha')": "sha",
    "('u', 'ch')": "uch",
    "('se', 'e')": "see",
    "('the', 'n')": "then",
    "('o', 'ld')": "old",
    "('the', 'ir')": "their",
    "('r', 'a')": "ra",
    "('y', ',')": "y,",
    "('so', 'me')": "some",
    "('d', 'ay')": "day",
    "('co', 'me')": "come",
    "('n', 'ing')": "ning",
    "('b', 'o')": "bo",
    "('ti', 'me')": "time",
    "('f', 'ul')": "ful",
    "('re', 'e')": "ree",
    "('lo', 'ng')": "long",
    "('g', 'et')": "get",
    "('ca', 'n')": "can",
    "('d', 'id')": "did",
    "('W', 'hen')": "When",
    "('d', 're')": "dre",
    "('you', 'r')": "your",
    "('B', 'ut')": "But",
    "('A', 'nd')": "And",
    "('u', 's')": "us",
    "('an', 's')": "ans",
    "('a', 'way')": "away",
    "('at', 'her')": "ather",
    "('\u201c', 'W')": "\u201cW",
    "('k', 'ing')": "king",
    "('lo', 'ok')": "look",
    "('a', 'f')": "af",
    "('gre', 'at')": "great",
    "('ri', 'ed')": "ried",
    "('li', 'ke')": "like",
    "('e', 'ar')": "ear",
    "('a', 'ck')": "ack",
    "('in', 'd')": "ind",
    "('P', 'rince')": "Prince",
    "('it', ',')": "it,",
    "('him', ',')": "him,",
    "('ab', 'out')": "about",
    "('ar', 't')": "art",
    "('to', 'ok')": "took",
    "('m', 'ust')": "must",
    "('p', 'la')": "pla",
    "('de', 'r')": "der",
    "('ke', 'd')": "ked",
    "('u', 'ght')": "ught",
    "('an', 'y')": "any",
    "('i', 'e')": "ie",
    "('for', 'e')": "fore",
    "('sa', 'w')": "saw",
    "('ou', 'r')": "our",
    "('a', 'ch')": "ach",
    "('f', 'ir')": "fir",
    "('p', 'o')": "po",
    "('i', 'ce')": "ice",
    "('g', 'e')": "ge",
    "('w', 'here')": "where",
    "('b', 'ack')": "back",
    "('e', 'very')": "every",
    "('be', 'g')": "beg",
    "('i', 'ck')": "ick",
    "('thou', 'ght')": "thought",
    "('him', 'self')": "himself",
    "('t', 'wo')": "two",
    "('ha', 'nd')": "hand",
    "('k', 'now')": "know",
    "('i', 'm')": "im",
    "('a', 'ir')": "air",
    "('ne', 'd')": "ned",
    "('d', 'a')": "da",
    "('t', 'ake')": "take",
    "('so', 'n')": "son",
    "('u', 'm')": "um",
    "('b', 'le')": "ble",
    "('g', 'ive')": "give",
    "('mor', 'e')": "more",
    "('go', 'ld')": "gold",
    "('t', 'ur')": "tur",
    "('sha', 'll')": "shall",
    "('m', 'o')": "mo",
    "('be', 'fore')": "before",
    "('p', 'le')": "ple",
    "('o', 'ver')": "over",
    "('go', 'od')": "good",
    "('e', 've')": "eve",
    "('be', 'en')": "been",
    "('ho', 'w')": "how",
    "('r', ',')": "r,",
    "('un', 't')": "unt",
    "('p', 're')": "pre",
    "('co', 'm')": "com",
    "('f', 'ather')": "father",
    "('ca', 'r')": "car",
    "('b', 'ri')": "bri",
    "('ad', 'e')": "ade",
    "('er', ',')": "er,",
    "('n', 'ight')": "night",
    "('sho', 'uld')": "should",
    "('it', 'e')": "ite",
    "('th', 'an')": "than",
    "('we', 'll')": "well",
    "('b', 'ro')": "bro",
    "('ab', 'le')": "able",
    "('ch', 'il')": "chil",
    "('of', 'f')": "off",
    "('i', 'on')": "ion",
    "('re', 'ad')": "read",
    "('w', 'ant')": "want",
    "('S', 'o')": "So",
    "('hi', 'ng')": "hing",
    "('on', 'ce')": "once",
    "('c', 'ried')": "cried",
    "('her', ',')": "her,",
    "('u', 'e')": "ue",
    "('ro', 'w')": "row",
    "('a', 'il')": "ail",
    "('a', 'ut')": "aut",
    "('p', 'ut')": "put",
    "('s', 'id')": "sid",
    "('h', ',')": "h,",
    "('af', 'ter')": "after",
    "('S', 'he')": "She",
    "('pe', 'r')": "per",
    "('w', 'at')": "wat",
    "('te', 'd')": "ted",
    "('oo', 'd')": "ood",
    "('e', 'x')": "ex",
    "('o', 'm')": "om",
    "('n', ',')": "n,",
    "('a', 'ce')": "ace",
    "('\u201c', 'T')": "\u201cT",
    "('m', 'ade')": "made",
    "('ho', 'use')": "house",
    "('es', ',')": "es,",
    "('t', ',')": "t,",
    "('he', 'ad')": "head",
    "('as', 'ked')": "asked",
    "('ve', 'd')": "ved",
    "('w', 'is')": "wis",
    "('m', 'uch')": "much",
    "('ha', 'pp')": "happ",
    "('e', 'l')": "el",
    "('ha', 's')": "has",
    "('d', 'is')": "dis",
    "('ho', 'me')": "home",
    "('a', 'pp')": "app",
    "('i', 'c')": "ic",
    "('ra', 'n')": "ran",
    "('on', 'ly')": "only",
    "('mo', 'ther')": "mother",
    "('ing', ',')": "ing,",
    "('ans', 'were')": "answere",
    "('rou', 'nd')": "round",
    "('do', 'or')": "door",
    "('ho', 'r')": "hor",
    "('m', 'a')": "ma",
    "('e', 'y')": "ey",
    "('wo', 'man')": "woman",
    "('e', 'at')": "eat",
    "('da', 'ught')": "daught",
    "('t', 'ree')": "tree",
    "('a', 'c')": "ac",
    "('fe', 'll')": "fell",
    "('se', 'r')": "ser",
    "('go', 't')": "got",
    "('le', 't')": "let",
    "('j', 'ust')": "just",
    "('re', 'd')": "red",
    "('p', 't')": "pt",
    "('u', 'd')": "ud",
    "('be', 'aut')": "beaut",
    "('qu', 'ite')": "quite",
    "('la', 'st')": "last",
    "('r', 't')": "rt",
    "('st', 'ill')": "still",
    "('eve', 'r,')": "ever,",
    "('ou', 'nd')": "ound",
    "('le', 'd')": "led",
    "('me', 'd')": "med",
    "('g', 'ave')": "gave",
    "('if', 'ul')": "iful",
    "('it', '.')": "it.",
    "('w', 'ard')": "ward",
    "('not', 'hing')": "nothing",
    "('th', 'y')": "thy",
    "('in', 'e')": "ine",
    "('i', 'g')": "ig",
    "('he', 'd')": "hed",
    "('th', 'ree')": "three",
    "('ne', 'ver')": "never",
    "('li', 'ght')": "light",
    "('i', 'o')": "io",
    "('c', 'lo')": "clo",
    "('me', 'nt')": "ment",
    "('ir', 'd')": "ird",
    "('o', 'pe')": "ope",
    "('beaut', 'iful')": "beautiful",
    "('up', 'on')": "upon",
    "('ti', 'ng')": "ting",
    "('to', 'o')": "too",
    "('him', '.')": "him.",
    "('po', 'or')": "poor",
    "('w', 'if')": "wif",
    "('you', 'ng')": "young",
    "('look', 'ed')": "looked",
    "('ma', 'ke')": "make",
    "('ma', 'r')": "mar",
    "('le', 'ep')": "leep",
    "('se', 'nt')": "sent",
    "('he', 'ard')": "heard",
    "('ur', 'e')": "ure",
    "('the', 'e')": "thee",
    "('\u201c', 'A')": "\u201cA",
    "('The', 'y')": "They",
    "('ne', 'w')": "new",
    "('beg', 'an')": "began",
    "('ly', ',')": "ly,",
    "('he', 'art')": "heart",
    "('o', 'c')": "oc",
    "('be', 'd')": "bed",
    "('how', 'ever,')": "however,",
    "('sa', 'y')": "say",
    "('eve', 'r')": "ever",
    "('we', 'r')": "wer",
    "('un', 'der')": "under",
    "('ma', 'id')": "maid"
}