{
    "('h', 'e')": "he",
    "('t', 'he')": "the",
    "('a', 'n')": "an",
    "('i', 'n')": "in",
    "('r', 'e')": "re",
    "('an', 'd')": "and",
    "('o', 'u')": "ou",
    "('t', 'h')": "th",
    "('t', 'o')": "to",
    "('e', 'd')": "ed",
    "('a', 's')": "as",
    "('e', 'r')": "er",
    "('a', 't')": "at",
    "('o', 'n')": "on",
    "('h', 'i')": "hi",
    "('in', 'g')": "ing",
    "('l', 'l')": "ll",
    "('e', 'n')": "en",
    "('o', 'r')": "or",
    "('i', 't')": "it",
    "('a', 'r')": "ar",
    "('s', 't')": "st",
    "('l', 'e')": "le",
    "('h', 'a')": "ha",
    "('m', 'e')": "me",
    "('s', 'e')": "se",
    "('o', 'f')": "of",
    "('i', 'd')": "id",
    "('o', 'w')": "ow",
    "('b', 'e')": "be",
    "('w', 'i')": "wi",
    "('l', 'd')": "ld",
    "('w', 'as')": "was",
    "('s', 'a')": "sa",
    "('v', 'e')": "ve",
    "('u', 't')": "ut",
    "('i', 's')": "is",
    "('n', 'o')": "no",
    "('g', 'h')": "gh",
    "('T', 'he')": "The",
    "('c', 'e')": "ce",
    "('y', 'ou')": "you",
    "('th', 'at')": "that",
    "('hi', 's')": "his",
    "('c', 'h')": "ch",
    "('he', 'r')": "her",
    "('r', 'o')": "ro",
    "('hi', 'm')": "him",
    "('v', 'er')": "ver",
    "('w', 'e')": "we",
    "('s', 'he')": "she",
    "('s', 'o')": "so",
    "('f', 'or')": "for",
    "('a', 'y')": "ay",
    "('gh', 't')": "ght",
    "('h', 'o')": "ho",
    "('sa', 'id')": "said",
    "('l', 'y')": "ly",
    "('s', ',')": "s,",
    "('ha', 'd')": "had",
    "('i', 'r')": "ir",
    "('l', 'i')": "li",
    "('wi', 'th')": "with",
    "('the', 'r')": "ther",
    "('a', 'll')": "all",
    "('.', '\u201d')": ".\u201d",
    "('a', 'd')": "ad",
    "('r', 'i')": "ri",
    "('g', 'o')": "go",
    "('en', 't')": "ent",
    "('no', 't')": "not",
    "('on', 'e')": "one",
    "('k', 'e')": "ke",
    "('a', 'l')": "al",
    "('ou', 't')": "out",
    "('c', 'k')": "ck",
    "('u', 'n')": "un",
    "('b', 'ut')": "but",
    "('ou', 'ld')": "ould",
    "('he', 'n')": "hen",
    "('c', 'o')": "co",
    "('the', 'y')": "they",
    "('n', 'e')": "ne",
    "('f', 'e')": "fe",
    "('c', 'a')": "ca",
    "('g', 'e')": "ge",
    "('d', 'e')": "de",
    "('l', 'o')": "lo",
    "('re', 'd')": "red",
    "('a', 'in')": "ain",
    "('d', 'o')": "do",
    "('m', 'an')": "man",
    "('t', 'i')": "ti",
    "('t', 'er')": "ter",
    "('w', 'ho')": "who",
    "('n', 'd')": "nd",
    "('w', 'hi')": "whi",
    "('u', 'p')": "up",
    "('o', 'd')": "od",
    "('ha', 've')": "have",
    "('t', 'le')": "tle",
    "('o', 'k')": "ok",
    "('m', 'o')": "mo",
    "('i', 'f')": "if",
    "(',', '\u201d')": ",\u201d",
    "('m', 'y')": "my",
    "('th', 'ou')": "thou",
    "('h', 'at')": "hat",
    "('wi', 'll')": "will",
    "('a', 'g')": "ag",
    "('w', 'o')": "wo",
    "('f', 'o')": "fo",
    "('p', 'e')": "pe",
    "('the', 'm')": "them",
    "('an', 't')": "ant",
    "('a', 'b')": "ab",
    "('a', 'm')": "am",
    "('se', 'l')": "sel",
    "('s', 'h')": "sh",
    "('u', 'r')": "ur",
    "('ver', 'y')": "very",
    "('e', 's')": "es",
    "('w', 'hen')": "when",
    "('w', 'ay')": "way",
    "('we', 're')": "were",
    "('ar', 'd')": "ard",
    "('l', 'it')": "lit",
    "('ow', 'n')": "own",
    "('th', 'ing')": "thing",
    "('u', 'st')": "ust",
    "('lit', 'tle')": "little",
    "('s', 'i')": "si",
    "('\u201c', 'I')": "\u201cI",
    "('in', 'to')": "into",
    "('as', 't')": "ast",
    "('the', 're')": "there",
    "('w', 'ent')": "went",
    "('ca', 'me')": "came",
    "('whi', 'ch')": "which",
    "('\u2019', 's')": "\u2019s",
    "('ed', ',')": "ed,",
    "('n', 'ow')": "now",
    "('The', 'n')": "Then",
    "('in', 'd')": "ind",
    "('i', 'll')": "ill",
    "('p', 'o')": "po",
    "('ro', 'm')": "rom",
    "('t', 'e')": "te",
    "('b', 'y')": "by",
    "('r', 'a')": "ra",
    "('sel', 'f')": "self",
    "('r', 'ou')": "rou",
    "('l', 'a')": "la",
    "('s', 's')": "ss",
    "('r', 'y')": "ry",
    "('r', 'in')": "rin",
    "('re', 'e')": "ree",
    "('on', 'g')": "ong",
    "('K', 'ing')": "King",
    "('f', 'a')": "fa",
    "('u', 'l')": "ul",
    "('?', '\u201d')": "?\u201d",
    "('he', 're')": "here",
    "('said', ',')": "said,",
    "('H', 'e')": "He",
    "('th', 'is')": "this",
    "('t', 'a')": "ta",
    "('a', 're')": "are",
    "('e', 'p')": "ep",
    "('g', 're')": "gre",
    "('i', 'ght')": "ight",
    "('p', 'p')": "pp",
    "('s', '.')": "s.",
    "('w', 'hat')": "what",
    "('q', 'u')": "qu",
    "('fo', 're')": "fore",
    "('f', 'rom')": "from",
    "('ou', 'r')": "our",
    "('b', 'o')": "bo",
    "('!', '\u201d')": "!\u201d",
    "('c', 'ould')": "could",
    "('v', 'en')": "ven",
    "('rin', 'ce')": "rince",
    "('s', 'u')": "su",
    "('ag', 'ain')": "again",
    "('i', 'l')": "il",
    "('c', 'hi')": "chi",
    "('w', 'ould')": "would",
    "('h', 'ow')": "how",
    "('s', 'to')": "sto",
    "('w', 'or')": "wor",
    "('m', 'a')": "ma",
    "('se', 'e')": "see",
    "('o', 'ther')": "other",
    "('the', 'n')": "then",
    "('d', 'own')": "down",
    "('g', 'i')": "gi",
    "('ti', 'me')": "time",
    "('d', 'id')": "did",
    "('the', 'ir')": "their",
    "('er', ',')": "er,",
    "('so', 'me')": "some",
    "('d', 'ay')": "day",
    "('co', 'me')": "come",
    "('s', 'p')": "sp",
    "('y', ',')": "y,",
    "('o', 'ld')": "old",
    "('s', 'ha')": "sha",
    "('ar', 't')": "art",
    "('id', 'e')": "ide",
    "('l', 'ong')": "long",
    "('ing', ',')": "ing,",
    "('c', 'an')": "can",
    "('an', 's')": "ans",
    "('c', 'on')": "con",
    "('he', 'd')": "hed",
    "('W', 'hen')": "When",
    "('you', 'r')": "your",
    "('B', 'ut')": "But",
    "('A', 'nd')": "And",
    "('e', 'ver')": "ever",
    "('a', 'way')": "away",
    "('e', 't')": "et",
    "('u', 's')": "us",
    "('en', 'd')": "end",
    "('r', 'an')": "ran",
    "('\u201c', 'W')": "\u201cW",
    "('lo', 'ok')": "look",
    "('b', 'a')": "ba",
    "('a', 'f')": "af",
    "('a', 've')": "ave",
    "('gre', 'at')": "great",
    "('ri', 'ed')": "ried",
    "('o', 'p')": "op",
    "('k', 'ed')": "ked",
    "('it', ',')": "it,",
    "('P', 'rince')": "Prince",
    "('f', 'i')": "fi",
    "('m', 'p')": "mp",
    "('v', 'ed')": "ved",
    "('n', 't')": "nt",
    "('him', ',')": "him,",
    "('ab', 'out')": "about",
    "('to', 'ok')": "took",
    "('k', 'ing')": "king",
    "('m', 'ust')": "must",
    "('r', 'u')": "ru",
    "('li', 'ke')": "like",
    "('d', 'er')": "der",
    "('ou', 'nd')": "ound",
    "('mo', 're')": "more",
    "('e', 'ar')": "ear",
    "('an', 'y')": "any",
    "('h', 'ou')": "hou",
    "('sa', 'w')": "saw",
    "('d', 'a')": "da",
    "('m', 'b')": "mb",
    "('ad', 'e')": "ade",
    "('w', 'here')": "where",
    "('ba', 'ck')": "back",
    "('e', 'very')": "every",
    "('ur', 'n')": "urn",
    "('be', 'g')": "beg",
    "('d', 'i')": "di",
    "('thou', 'ght')": "thought",
    "('him', 'self')": "himself",
    "('re', 't')": "ret",
    "('t', 'wo')": "two",
    "('h', 'and')": "hand",
    "('m', 'u')": "mu",
    "('at', 'e')": "ate",
    "('u', 'll')": "ull",
    "('u', 'ght')": "ught",
    "('go', 'ld')": "gold",
    "('a', 'c')": "ac",
    "('sha', 'll')": "shall",
    "('be', 'fore')": "before",
    "('o', 'ver')": "over",
    "('go', 'od')": "good",
    "('be', 'en')": "been",
    "('s', 'on')": "son",
    "('it', 'e')": "ite",
    "('re', 'ad')": "read",
    "('fa', 'ther')": "father",
    "('in', 'e')": "ine",
    "('S', 'o')": "So",
    "('b', 'r')": "br",
    "('k', 'now')": "know",
    "('of', 'f')": "off",
    "('or', 'n')": "orn",
    "('sh', 'ould')": "should",
    "('n', 'ight')": "night",
    "('th', 'an')": "than",
    "('we', 'll')": "well",
    "('ab', 'le')": "able",
    "('ge', 't')": "get",
    "('chi', 'ld')": "child",
    "('p', 'er')": "per",
    "('r', 'ow')": "row",
    "('u', 're')": "ure",
    "('w', 'ant')": "want",
    "('h', 'un')": "hun",
    "('on', 'ce')": "once",
    "('p', 'i')": "pi",
    "('ou', 'nt')": "ount",
    "('c', 'ar')": "car",
    "('p', 'ut')": "put",
    "('a', 'ut')": "aut",
    "('af', 'ter')": "after",
    "('le', 't')": "let",
    "('S', 'he')": "She",
    "('i', 'on')": "ion",
    "('an', 'g')": "ang",
    "('go', 't')": "got",
    "('e', 'x')": "ex",
    "('w', 'at')": "wat",
    "('h', 'as')": "has",
    "('ar', 'm')": "arm",
    "('u', 'e')": "ue",
    "('\u201c', 'T')": "\u201cT",
    "('he', 'ad')": "head",
    "('m', 'ade')": "made",
    "('hou', 'se')": "house",
    "('b', 'ro')": "bro",
    "('a', 'p')": "ap",
    "('the', 'e')": "thee",
    "('mu', 'ch')": "much",
    "('ha', 'pp')": "happ",
    "('en', 'ed')": "ened",
    "('ho', 'me')": "home",
    "('ta', 'ke')": "take",
    "('l', 't')": "lt",
    "('gi', 've')": "give",
    "('s', 'er')": "ser",
    "('e', 's,')": "es,",
    "('on', 'ly')": "only",
    "('mo', 'ther')": "mother",
    "('b', 'le')": "ble",
    "('rou', 'nd')": "round",
    "('do', 'or')": "door",
    "('ans', 'we')": "answe",
    "('answe', 'red')": "answered",
    "('f', 'ul')": "ful",
    "('ir', 'd')": "ird",
    "('as', 's')": "ass",
    "('ce', ',')": "ce,",
    "('e', 'y')": "ey",
    "('wo', 'man')": "woman",
    "('da', 'ught')": "daught",
    "('fe', 'll')": "fell",
    "('l', 'ow')": "low",
    "('l', 'ay')": "lay",
    "('m', 'ed')": "med",
    "('c', 't')": "ct",
    "('j', 'ust')": "just",
    "('as', 'ked')": "asked",
    "('h', 'or')": "hor",
    "('be', 'aut')": "beaut",
    "('n', 'g')": "ng",
    "('qu', 'ite')": "quite",
    "('e', 'l')": "el",
    "('a', 'ir')": "air",
    "('l', 'ast')": "last",
    "('o', 'm')": "om",
    "('ri', 'ght')": "right",
    "('li', 'ght')": "light",
    "('s', 'ide')": "side",
    "('l', 'ed')": "led",
    "('st', 'ill')": "still",
    "('ever', ',')": "ever,",
    "('e', 'ven')": "even",
    "('g', 'ave')": "gave",
    "('it', '.')": "it.",
    "('ir', 'st')": "irst",
    "('th', 'y')": "thy",
    "('er', 's')": "ers",
    "('no', 'thing')": "nothing",
    "('w', 'ard')": "ward",
    "('The', 'y')": "They",
    "('ly', ',')": "ly,",
    "('th', 'ree')": "three",
    "('ne', 'ver')": "never",
    "('s', 'ho')": "sho",
    "('e', 'a')": "ea",
    "('s', 'at')": "sat",
    "('ou', 's')": "ous",
    "('o', 'c')": "oc",
    "('her', ',')": "her,",
    "('re', 'p')": "rep",
    "('beaut', 'if')": "beautif",
    "('up', 'on')": "upon",
    "('to', 'o')": "too",
    "('t', 'ing')": "ting",
    "('him', '.')": "him.",
    "('w', 'a')": "wa",
    "('m', 'ar')": "mar",
    "('look', 'ed')": "looked",
    "('t', ',')": "t,",
    "('po', 'or')": "poor",
    "('e', 'st')": "est",
    "('e', 'at')": "eat",
    "('f', 'ull')": "full",
    "('s', 'ent')": "sent",
    "('he', 'ard')": "heard",
    "('c', 'ed')": "ced",
    "('le', 'ep')": "leep",
    "('t', 'ree')": "tree",
    "('c', 'ried')": "cried",
    "('\u201c', 'A')": "\u201cA",
    "('u', 'se')": "use",
    "('ne', 'w')": "new",
    "('i', 'm')": "im",
    "('d', 're')": "dre",
    "('c', 'lo')": "clo",
    "('so', 'on')": "soon"
}